{
  "polygons": [],
  "walls": [
    {
      "name": "REJA_ESTACIONAMIENTO",
      "lat1": 19.504766,
      "lon1": -99.145624,
      "lat2": 19.503836,
      "lon2": -99.146098
    }
  ]
}